FirstName,LastName,Mobile,Cattle,State,District,Tahshil
Guillaume,Skewes,9411285570,1,,La Unión,Barreiro
Opaline,Schettini,0687304784,2,,Itararé,Palos
Neil,Tubby,6540643586,3,,Muruni,Anna Regina
Drucy,Cropton,2309017043,4,,Japerejo,Grodzisk Mazowiecki
Karlen,Muston,3348419387,5,Centre,Châteauroux,Dougang
Branden,Coltart,5682058100,6,,Nova Russas,Debrzno
Weylin,Guiot,3037443812,7,,Zubin Potok,Nagbukel
Zelda,Colerick,0310668670,8,,Ar Ruţbah,Zhaoguli
Astrix,McReynolds,5915652719,9,Iowa,Des Moines,Jiangnan
Lolly,Cissell,8543342422,10,,Arroio Grande,Czarna Woda
Egon,McNeely,1693848473,11,,Narva,Qaţanah
Madalena,Mounter,0450720896,12,,Jomda,Escola
Hugh,Pedrick,4739425319,13,,Jardim,Houjiagang
Jarrid,Crookston,5783187518,14,,Xinqiao,Shujāābād
Kettie,Oldis,2498925414,15,,Sanchahe,Lebak
Henrietta,Scraggs,4153862401,16,,Naḥf,San Pedro Carchá
Conney,Mervyn,8011350838,17,,Laventille,Thepharak
Lek,Haffenden,5884803311,18,Vila Real,Portela,Yangchun
Ada,Daynter,8935868558,19,,Inkerman,Paradyż
Hynda,Ramsdell,9680878589,20,,Shkodër,Guruyan
Nefen,Vesco,3045456898,21,Pays de la Loire,Laval,Kirovskaya
Ardeen,Trosdall,5650934010,22,,Motegi,Palaió Fáliro
Vannie,Maria,5456942836,23,,Songjiang,Tashi
Ulrick,Clutram,0200586912,24,Aquitaine,Mérignac,Kotablolong
Angel,Snibson,7206898750,25,,Podporozh’ye,Santa Brigida
Ceil,Billany,5953696086,26,,Arapongas,Soledar
Jessey,Huddles,2902806108,27,,Ruo,Banturkrajan
Sayer,Henaughan,8475521215,28,,Bozhou,Pasirpanjang
Priscilla,Mudd,6857877068,29,,Bezhta,San Andres
Prue,Bottinelli,6610103143,30,,Los Andes,Perdões
Gar,Wattisham,8720505655,31,,Atolina,Zhixia
Kristen,Shambrooke,2597995321,32,,Lampang,Kotlas
Dewain,Vernau,1393688977,33,,Pirg,Al Lagowa
Jobi,Fearenside,9083465802,34,,Moca,Karangwungu Lor
Brandea,Jaime,7734200621,35,,San Antonio,Zhongdong
Rivy,Haggith,7061928077,36,,Shanxiahu,Lučko
Britni,Pachta,5690978833,37,,Semenivka,Pundong
Lucais,Lotterington,8354156745,38,,Pondokkaha Kelod,Wangsi
Olva,Doll,9224963234,39,,Ishimbay,Hagi
Ede,McIver,5798837815,40,,Senj,San Rafael
Nickolas,Toop,4194665139,41,,Klole,Kulutan
Babette,Roskelly,1833841034,42,,Ballyhaunis,Binglincha
Janos,Damarell,3747118496,43,,Calape,Guayaybi
Trevor,Oertzen,0296869112,44,,Baolong,Tanjung Timur
Wanids,Pardew,6775659180,45,,Coro,Hedaru
Sanford,Brosetti,2775895778,46,,Santa Catalina,Benešov nad Černou
Anatole,Cromarty,6946663276,47,,Kimitsu,Durham
Ignaz,Logsdail,8613770185,48,Nordrhein-Westfalen,Duisburg,Itaparica
Stafford,Halloway,1706556268,49,,Mijiang,Jönköping
Nicol,Coger,3765731536,50,,Rixi,Cachadinha
Brenda,Livens,4039936124,51,,Alpatovo,Adamstown
Cassandry,Loreit,8037219100,52,,Fangtian,Kalkara
Wilhelmine,Todeo,9933425099,53,,Dongjin,Aco
Mead,Redholes,1765425727,54,,Guomaying,Dimitrovgrad
Clo,McClinton,9249790643,55,,Budayuan,Yaogu
Rahel,Pawley,9080342874,56,,At-Bashi,Caramuca
Ertha,Loosmore,1234216205,57,,Yamen,Zhoutian
Pablo,Deftie,9462917442,58,,Pacar,Xiaomei
Klement,Hallaways,1297637755,59,,Gaotang,Örebro
Mellisent,Medmore,7555516837,60,,Cielądz,Levandeira
Minni,Waiting,2475540354,61,,Mtwara,Punta Arenas
Faydra,Coulsen,1098546318,62,,Jinghong,Enköping
Sibyl,De Andreis,9487980539,63,,Krasnokumskoye,Tengrela
Moyna,Jacquest,6828194381,64,,Vodňany,Kingsport
Vick,Leggan,6204178229,65,,Jobabo,Seaton
Tamarra,Monketon,6604285332,66,Lisboa,Matarraque,Uppsala
Lara,Bourley,0328451185,67,,Ertai,Mladá Boleslav
Melosa,Maffia,2415710016,68,,Komes,Queimados
Melisent,Goulstone,6982148580,69,,Uromi,Dao
Perle,Brockman,4564610511,70,,Sarband,Aparecida do Taboado
Dorotea,Fraczek,0494423404,71,,Skrunda,Deskáti
Francesca,Frizzell,9463185291,72,,Margate,Támara
Lucia,Ind,6150934578,73,,Tabūk,Nakhon Phanom
Bank,Foot,5677214299,74,,Xinzhuang,Songqiao
Marlane,Thorneloe,7024935774,75,,Songea,Mýki
Kendal,Grzeszczak,7709798055,76,,Morón,Tangalla
Cobb,Hurrell,1591372399,77,Provincie Limburg,Maastricht,Cerquilho
Jud,Beaty,8211424843,78,,Modderfontein,Gorodishche
Cathleen,McMeeking,4947922311,79,,Thị Trấn Yên Châu,Jepat Kidul
Yolanda,Tremethack,8071971111,80,,Třinec,Nakhon Phanom
Jemie,Shortland,9617256347,81,New York,Staten Island,Jalālābād
Erastus,Bleasby,8148313113,82,,Cinunjang,Ilići
Edyth,Marchent,9094431203,83,,Plagiári,Almolonga
Demetris,Libri,6494284183,84,,Včelná,Ami
Brnaba,Row,1705602339,85,Lisboa,Alcabideche,Mengxingzhuang
Francesco,Dunnett,3731660814,86,,Puerto Asís,Capulaan
Ginger,Bon,5873882290,87,,Wucun,Thākurgaon
Micheal,Moneti,2897037377,88,,Ejido,Geita
Tierney,Fogt,1107751373,89,,Diekirch,Maunuri
Barbi,Thurlbeck,1934429376,90,Dalarna,Borlänge,Korçë
Mychal,Smallpiece,5016912238,91,,Songhe,Rotterdam postbusnummers
Elbert,Hayley,5151789074,92,,Pejek,Gaspar Hernández
Far,Lenham,5480762419,93,,Orichi,Borok
Lindy,Handscomb,6423254273,94,,Kawengan,Tianyu
Ginelle,Hadlow,9899152366,95,,Zhangfang,Firenze
Alejandra,Hallstone,7307146738,96,,Tamansari,Pandean
Cristine,Parkinson,3986429743,97,,Zhouyuan,Dougou
Austin,Drane,3867071519,98,,Jakusko,Komono
Ermin,Laugier,1977673627,99,,Pokrovskoye-Streshnëvo,Pryluky
Rutledge,Pemberton,5673684622,100,,Magsaysay,Verkhniye Achaluki
Nels,Saunton,9749049551,101,Provincie Zuid-Holland,Voorburg,San Nicolas
Tommie,Sparey,5396923415,102,,Garies,Tafí del Valle
Matias,Haddacks,5560308994,103,,Baon,Pangao
Otis,Shewan,6542325417,104,,El Estor,Sonta
Aggie,Mockes,1812376308,105,,Krasnyy Lyman,Avdzaga
Shaughn,Waddams,3855456704,106,,Pyskowice,Montgomery
Gerald,Bolf,5112731524,107,Pulau Pinang,Pulau Pinang,Kindu
Aleta,Paffitt,0953157865,108,,Cartagena,Kovilj
Worth,Baudassi,3981801954,109,,Ngenden,Nanping
Sheff,Leebeter,3612515292,110,,Jishan,Hetou
Clotilda,Boylund,2546696270,111,,Babug,Oslo
Laurene,Olenchenko,4044244170,112,,Zyukayka,Kluczbork
Lynne,Sulland,0548815836,113,Florida,Orlando,Mersam
Frederich,Agiolfinger,2413140484,114,,Bahāwalpur,Coyah
Gian,Casbourne,6493892414,115,,Natonin,Chãos
Kinny,Balaison,8313747161,116,,Kiraman,Yongding
Nadia,Neylon,6548162366,117,,Ylöjärvi,Modimolle
Malvina,Everingham,0854486194,118,Braga,Ínfias,Mengxi
Grant,Tring,1798233444,119,England,Stapleford,Round Rock
Holly-anne,Deeman,1843038471,120,,Ohrid,Dallas
Golda,Birtle,0372435661,121,,Al Ghizlānīyah,Vila Pouca da Beira
Inga,Gitting,2774704138,122,,Changling,Lincheng
Marthena,Frudd,1772816051,123,Ilha de São Miguel,Pico da Pedra,Changfa
Bren,Mason,4675676103,124,,Masu,Juradó
Alphard,Galiford,8381246113,125,Rhône-Alpes,Tassin-la-Demi-Lune,Căuşeni
Tudor,Lanfranchi,7037601268,126,,Vetrino,Labuhansumbawa
Collie,Rohmer,4271024821,127,,El Peñón,Wielbark
Norry,Purveys,2069073017,128,,Shabel’skoye,Pyatnitskoye
Valerie,Paik,0241974666,129,,Troyits’ke,Kozova
Moreen,Dudlestone,7124740576,130,,Zhongzhai,Beberon
Maryrose,Westoll,4711523863,131,,Khuean Ubonrat,Lukovo
Thor,Haimes,1919484817,132,,Zhovkva,Niort
Keary,Le Huquet,0908438788,133,,Bilüü,Laironja
Lilly,Fairbourn,5051011616,134,,Cagwait,Huangcaotuo
Shelly,Cellone,6860786906,135,,Quezaltepeque,Xilian
Ara,Archard,1166979245,136,,Ma‘dān,Bol’shoy Karay
Gabriello,Venes,8230342229,137,,Panevėžys,Água Preta
Diahann,Rosenzwig,9861659811,138,,Kaloyanovo,Tanamiting
Joe,Sego,1798351757,139,,Oelui,Canhas
Ailbert,Priden,1662229984,140,,Satrejan,Diamantina
Frayda,Fisk,3859902466,141,,Oussivo,Itapetinga
Brinn,Dorn,2047032768,142,Martinique,Schœlcher,Kyaikkami
Caroljean,Eliot,3509899415,143,,Blumenau,Wangshi
Van,Grzeszczyk,5677523755,144,,Llacanora,Levin
Wain,Farrand,6060319440,145,Guerrero,Lindavista,Lijia
Pepito,Tapply,1052553303,146,,La Tinguiña,Kuchinarai
Angeli,Goodsall,9857743714,147,,Karangsono,Portão
Jolene,Jacombs,8923619841,148,,Santa Clara,Sañgay
Rourke,Barr,4557876706,149,,Al Ḩashwah,Paris La Défense
Monika,McNea,3131958189,150,,Makin Village,Seremban
Kendra,Burlingame,3311943252,151,,Barretos,Tarnawatka
Anatollo,Guerry,0158585909,152,Alberta,Morinville,Wang Yang
Lindy,Tomczykiewicz,9187658771,153,,Dietaisi,Mbumi
Jerrine,Fann,0578538458,154,,Xiexiong,Tidaholm
Kial,Amsden,6176037840,155,,Mancos,San Francisco
Tammara,Yarnell,4218747628,156,,Jayapura,Koszęcin
Michelle,Piccard,6999198748,157,,Suyang,Rovnoye
Tommy,Waggatt,6645435967,158,,Diavatá,Narimanov
Kellina,Curtayne,3594383121,159,,Longtou’an,Kangasala
Ethelbert,Blood,2388241138,160,Skåne,Helsingborg,Rio Grande da Serra
Hulda,Comar,9723027135,161,,Zall-Dardhë,Svetogorsk
Ugo,Hursey,2814589148,162,,Bené Beraq,Shangma
Elia,Baltrushaitis,2034482360,163,,Makui,Xiawa
Dorry,Lamborn,0388689242,164,Auvergne,Cournon-d'Auvergne,Ershilipu
Wynn,Snarie,5028541507,165,Saskatchewan,Kerrobert,Zarzal
Willette,Carcass,9833741258,166,,Rybatskoye,Liuqu
Sherye,Bortolussi,6269534801,167,Virginia,Vienna,Lyeskawka
Jordain,Reolfi,0377240575,168,,Mikhaylovsk,Czerniewice
Janean,Fairclough,2027061681,169,Aveiro,Igreja,Dasht-e Lati
Corrinne,Brodeur,8197661677,170,,Nobres,Jinshan
Rasla,Smalman,4903049957,171,Braga,Lanhas,Anchang
Lorenza,Killeley,4867565873,172,Västra Götaland,Göteborg,Acas
Isabelle,Minster,8065430066,173,Braga,Real,Atouguia
Avie,Christoffe,1855340526,174,,Potchefstroom,Banjar Dukuh
Woodie,Aspin,5695346665,175,,Xichang,Grenoble
Ravi,Friatt,8627168369,176,,El Tránsito,Tomari
Efrem,Liversage,2701094771,177,,Libochovice,Chervyen’
Park,Snook,9993031194,178,,Tianxing,Neftobod
Carly,O'Haire,9103601595,179,,La Estancia,Batelov
Alvis,Derrett,3261456981,180,,Port-Vila,Segezha
Alverta,Maso,2017868620,181,,Lužani,Kongtian
Faye,Hoyte,9623501986,182,,Lyuboml’,Tingqian
Clayborne,Waison,2280954583,183,Québec,Havre-Saint-Pierre,Oenpeotnai
Brita,Haughian,6045374495,184,,Moutsamoudou,Tanahwulan
Winnie,McCotter,7649921964,185,,Pak Phanang,Bonabéri
Zahara,Christoffe,9870634729,186,,Obala,Long’an Chengxiangzhen
Bernice,Chritchlow,8819529637,187,,Svetlogorsk,Baiguo
Garner,Gilburt,3112484517,188,,Yŏnan-ŭp,Badagry
Alvina,Hurst,3576028013,189,,Soca,Zhouxi
Bourke,Whelan,2484318715,190,,Monte Alto,Bambali
Clayton,Nutkin,9005540524,191,,Xiache,Los Santos
Allister,Sinkinson,8807986426,192,Florida,Clearwater,Sirnasari
Everard,Kemston,2559621371,193,,San Antonio Huista,Forquilhinha
Ryon,Purkins,2673049339,194,,Suphan Buri,Kairouan
Stanfield,Cuddehay,0973225084,195,,Gostilitsy,Registro
Bernhard,Somerset,7660245651,196,,Abobo,Meijiang
Darwin,Cruddas,8846957679,197,,Paulpietersburg,Wanmu
Wally,Cann,8687522762,198,,Ishinomaki,Teknāf
Rodge,Valerius,4138376836,199,Kanton Graubünden,Chur,Utara
Jeff,Sjollema,5108669097,200,,Barakī Barak,Sungaikakap
Patrizius,Duffield,5858208533,201,,Wierzchucino,Bungbulang
Olia,Carse,8766033071,202,,Watuka,Palermo
Leyla,Quoit,8041606210,203,,Bhairab Bāzār,Magisterial
Mireille,Aggio,0777082284,204,,Lyaskelya,Pagelaran
Twila,Whitmore,2791247181,205,,Staritsa,Leżajsk
Tani,Railton,3832311459,206,,Parikkala,Krajan Satu
Viviana,Ferraresi,1230841296,207,,Bagorejo,Cidikit Girang
Licha,Fraczkiewicz,8173306893,208,,Aş Şaff,Dhahi
Hermine,Loffel,3124437985,209,,Nzérékoré,Wates
Mordecai,Rhucroft,0997936274,210,,Gorelovo,Doyong
Brenda,Melonby,9112520365,211,,Novomykolayivka,Ghazni
Parker,Raybould,2317948905,212,,Radovitskiy,Pedinó
Hendrika,Tesyro,4940847470,213,Stockholm,Hägersten,Xianlong
Nobie,MacInherney,3819276750,214,,Maesan,Yungaisi
Renato,Cromley,9719309229,215,,El Sauce,Telouet
Catarina,Siddaley,6589193592,216,,Longfeng,Wañgan
Rosanne,Bygott,0770910564,217,,Jinzhuang,Fuxi
Jocelin,Wickersham,3234789681,218,,Miłakowo,Al Karāmah
Orelee,Beadel,9429998803,219,,Lutun,Třebíč
Deane,Summersby,2857713878,220,,Hexi,Prażmów
Moritz,Beake,0573257035,221,,El Zulia,Laval
Gauthier,Tarver,9089565949,222,,Balabagan,Białobrzegi
Maure,Paszek,2891245326,223,,Zhangjiahe,Tanjungbahagia
Wyn,Hamsley,9266141666,224,Rhône-Alpes,Lyon,Karpushikha
Justus,Critchley,7857627690,225,,Sovetskiy,Vista Hermosa
Lesley,Sharman,6675939122,226,,Velykyi Bereznyi,Deán Funes
Marin,Antonucci,3633695176,227,,Guri i Zi,Oranjestad
Berk,Sawney,5398085131,228,,Suure-Jaani,Khosta
Walsh,Trundler,0275221806,229,Pays de la Loire,Nantes,Kobuleti
Nicoli,Bittleson,9729941785,230,,San Vicente,Nsanje
Brandi,Menauteau,1926423992,231,,Neob,Tabou
Brandise,Samways,3379911844,232,,Wudangshan,Oenunu
Nora,Klimkowski,1986367657,233,,Qiying,Nida
Rhoda,Yabsley,5267533815,234,,Cupira,Daulatpur
Sharlene,Assiratti,8940731670,235,,Tsuyama,Kalashnikovo
Elton,O'Nolan,2571651730,236,,Al Fandaqūmīyah,Leshan
Barbara,McKinney,1568817843,237,,Wajir,Stryków
Robert,Van Dijk,2168252653,238,,Lugouqiao,Brodnica
Caspar,McElhargy,8769588635,239,,Maruoka,Nandu
Verena,Wackly,3737212724,240,Utah,Salt Lake City,San Rafael
Renelle,McComiskie,5995616781,241,,Gunem,Pa Phayom
Giulia,Godmar,5544607869,242,,Ulapes,Farkhor
Ricky,Banasiak,4976595250,243,,Itzer,Sinmak
Theo,Custed,1787113213,244,,Krasnyy Oktyabr’,Zhanggongmiao
Jelene,Gisburn,3663781267,245,,Ostrzeszów,Balsas
Erica,Archer,2106529910,246,Provincie Noord-Brabant,Eindhoven,Knyszyn
Kate,Chene,5358818499,247,,Midleton,Villa Ángela
Cristen,Cato,4383100147,248,,Brikama Nding,Tembau
Carmine,Piercy,1403958262,249,,Biały Bór,N’dalatando
Harv,Wellfare,3744391159,250,,Buenavista,Mosopa
Colby,Ansell,7274974645,251,,San Pedro,Nizhniye Vyazovyye
Darn,Curnnokk,1378823435,252,,Qukuhu,Lugang
Tess,MacDearmont,9367183100,253,,Tuhe,Amnat Charoen
Vinita,McKeown,8833866017,254,,Manchioneal,Strasbourg
Simona,D'Abbot-Doyle,0013027298,255,,Gaopai,Botlhapatlou
Ferdinanda,Ionnisian,7205927765,256,Sarawak,Kuching,Kajanan
Gwyn,O'Cooney,3585136044,257,,Plovdiv,General Luna
Alex,Fortoun,9448722443,258,Haute-Normandie,Évreux,La Clotilde
Udall,Culverhouse,8922931809,259,,El Progreso,Foso
Frazer,Sink,7414805662,260,,Estique,Ledok
Mara,Pegler,3632061483,261,,Cagmanaba,Agía Paraskeví
Winifred,McSporrin,7901442492,262,,Liliongan,Sheki
Cam,Charnick,5402515239,263,,Liuliping,Comrat
Lara,Dufton,9018681539,264,,Bayt Wazan,Lafayette
Danya,Oneil,7314067953,265,,Dzikowiec,Kasongo
Adaline,Coie,4700028866,266,,Sumberkindagan,El Progreso
Rooney,Dary,4159942075,267,,Piekoszów,Daduo
Vita,Sibyllina,0625632532,268,,Cungking,Xiekou
Jenelle,Leveritt,4995933662,269,Region Hovedstaden,København,Canhas
Ruby,Bazoche,0786597461,270,Chiapas,Benito Juarez,Kedungwungu
Benetta,Nugent,4323495277,271,Basse-Normandie,Lisieux,Nýdek
Lyndsay,Benner,0693908386,272,,Marolambo,Zlechov
Jan,Robberecht,7877175426,273,,Doba,San Miguel
Hildegaard,Morkham,7754004461,274,,Mwene-Ditu,Vyksa
Kaela,Metts,8451120849,275,,Kabongan Kidul,Ke’erlun
Taber,Walthall,5800219958,276,,Roshnik,La Paz
Trixie,Raitt,3810705624,277,Rhône-Alpes,Valence,Masis
Jordana,Menary,2816444643,278,,Balabag,San Antonio
Almeta,Audritt,0848589076,279,,Aktsyabrski,Gulrip’shi
Franky,Capelin,4243177392,280,,Pyetrykaw,Židlochovice
Elden,Fulton,6780988189,281,,Jianguo,Kiel
Benedetto,Mewes,6390815727,282,,Tīrān,Chvaletice
Friederike,Dannell,4938424142,283,,Cabatuan,La Goulette
Odelinda,Bertouloume,5369480524,284,,Buy,Amargosa
Brittany,Cowdry,4037143941,285,,Svoge,Kardzhin
Beatrix,Beechcraft,5530279317,286,,Yungaisi,Kolobovo
Jonell,Sollowaye,5120920667,287,,Daphu,Basseterre
Tannie,Leach,0827480806,288,,Cihaur,Sanxi
Sidoney,Lathwell,8252982301,289,,Curití,Tianhu
Minnie,Ledgerton,1704373379,290,,Kumba,São Miguel dos Campos
Malva,O' Clovan,8577226972,291,,Thị Trấn Mỹ Lộc,Matsumoto
Lane,Sandell,5181418287,292,,Annaka,Ar Rābiyah
Bram,Dearnly,9290092769,293,,Batroûn,Węgierska Górka
Armando,Wharmby,6262248579,294,,Rāmhormoz,Estancia
Sergeant,Tringham,3309027252,295,,Zoumachang,Topi
Karola,Landrieu,2189692733,296,,Huaguoshan,Rābigh
Burgess,Greenwood,0092451055,297,,Igarapava,Sekartaji
Sigismundo,Kuhnwald,9146829350,298,,Yujing,Gasan
Emily,Worham,6376844642,299,,Toguchin,Dishnā
Marlane,Groarty,8525393908,300,,Salamá,Póvoa
Dall,Tulley,3851987306,301,,Glamang,Yuzhou
Loy,Roddie,0256185662,302,,Kyrylivka,Gaoqiu
Anatola,Knappitt,1442679239,303,,Sukaraharja,Växjö
Bastian,Phelips,4091387624,304,,Lijiang,Uddiawan
Timothee,Ranyell,7823807181,305,Veracruz Llave,Emiliano Zapata,Lap Lae
Hally,Bazell,7957088678,306,New Mexico,Albuquerque,Alcanena
Nita,Filippucci,4290993753,307,,Wārāh,Przelewice
Lorant,Colicot,3606395795,308,,Gourma Rharous,Srpska Crnja
Reuben,Lait,3552369856,309,,Danilov,Yukuriawat
Parke,Bolam,2086466382,310,,Miches,Beidaihehaibin
Cordie,Gheorghie,5478050466,311,,Jianfeng,Itupeva
Pepi,Steeden,8179755274,312,Porto,Ribeirinha,Veliko Tŭrnovo
Kiel,Limeburn,9222218531,313,,Kināna,La Lima
Salomo,Hyam,5238300662,314,,Radzanów,Tanumshede
Zabrina,Mattusov,6125640396,315,,Powidz,Dulangan
Felicle,Andrelli,4551467049,316,,Lishan,Quinocay
Delora,Baseke,3578437166,317,,Shiqiao,Washington
Lenard,Esselen,9732609443,318,,Ma’an,Areeiro
Aviva,Stanex,9818138104,319,,Capinzal,San Celestio
Briney,Bittany,3184663965,320,,Jīsh,Khotiv
Libbi,Cobon,3913314822,321,,Naushahro Fīroz,Bairan
Margo,Currer,2896379177,322,,Kardamás,Verd
Poul,Hargie,3097569766,323,,Santa Rosa,Hengshanqiao
Quillan,Hinstridge,4991970156,324,,Fanzhuang,Cibeureum
Zahara,Ramsay,3804951635,325,Île-de-France,Rungis,Valuyki
Millisent,Mougin,5997102866,326,,Detik Satu,Kangmei
Moises,Rosita,1522784047,327,,Słupno,Nam Kliang
Ruthe,Heselwood,8866253146,328,,Kabuynan,Chenyangzhai
Annabell,MacRorie,2178714617,329,,Castlebellingham,Taroudant
Silvanus,Hrachovec,3915216313,330,,Buikwe,Anau
Freddie,Pedrozzi,8392810368,331,Provence-Alpes-Côte d'Azur,Le Pontet,Toyota
Luke,Dryden,5941810423,332,,Hengpi,Italó
Carissa,Dishmon,8355991893,333,,Wenchi,Claremont
Addia,Horsburgh,6575090273,334,,Ban Houakhoua,Sargodha
Kamillah,Ottam,2212482590,335,,Changzheng,Xankandi
Annora,Plumer,4775146025,336,,Tari,Were Īlu
Uriel,Leadstone,2886045403,337,,Balucawi,Drenova
Corty,Hazle,9280081543,338,,Nazrēt,Baganga
Robinett,Quarrington,6881380046,339,,Pinega,Xylotymbou
Wainwright,Tapp,5514829529,340,,Marisgama,Chaumont
Julietta,Benedek,8548789824,341,Île-de-France,Paris 14,Ngampon
Alison,Geraldi,5997703614,342,,Jargalant,Pasuruan
Knox,Derisley,0826083528,343,,Tianjiazhai,Wissous
Ardisj,Philpault,4253105947,344,,Ondangwa,Tasikmalaya
Briana,Harcombe,3037080000,345,,Shakhtars’k,Calape
Nial,Rickardsson,3330796863,346,Viseu,Santos Evos,Oslo
Adrianna,Rozenbaum,7720788524,347,,Ayia Napa,Nikol’sk
Ali,Rowlands,5219991213,348,,Zhouling,Brooklyn
Orbadiah,Godilington,3953590030,349,Berlin,Berlin,Kazo
Cletus,Carvill,5521058966,350,,Sudogda,Río Blanco
Dreddy,Beauly,5341513665,351,,Salgar,Stanowice
Netta,Tousy,1187449377,352,,Anle,Panjāb
Karrah,Nystrom,9060277309,353,,Lela,Nioro
Sabina,MacKimm,9223871735,354,Réunion,Saint-Denis,Denver
Elisabet,Faichnie,6895664823,355,,Kozova,Dafundo
Barnard,Dishman,2880879043,356,,Sabangan,Hajoho
Krysta,Kersting,8634530876,357,,Gunungmenang,Kragujevac
Maura,Follis,0583902820,358,,Bisée,Baganha
Josiah,Jecock,0086771043,359,,Funan Chengguanzhen,Sorochinsk
Ethel,Spriggen,0313267642,360,,Kahama,Choropampa
Bearnard,Ricardin,6874062026,361,,Ares Tengah,Pueblo
Jasmin,Jedrzejewicz,9566498977,362,,Nova Russas,Meiktila
Broddie,Allonby,1008999156,363,,Kulia Village,Baiguan
Lawry,Fulks,0277809568,364,,Xinmatou,Sarykemer
Chrysler,Spinola,6538893635,365,Texas,San Angelo,Heilongkou
Issi,Gartside,0016490568,366,,Shalushka,Capela
Lindy,Panswick,4117303295,367,,Jabinyānah,Orléans
Lisabeth,Brise,9279576577,368,,Bang Phlat,Zakupne
Alison,Cornillot,0271030372,369,Texas,Dallas,Bidikotak
Leone,Radke,1548413682,370,,Shangdongjie,Qingyun
Teador,Wilkinson,1888164050,371,,Lubomierz,Phoenix
Neal,Rowden,3700559496,372,,Sidem,Nieying
Brittani,Westpfel,1013940318,373,Leiria,Carpalho,Ituiutaba
Solomon,Klesse,1017880166,374,,Kakan,Pajung
Griffy,Shmyr,2207544133,375,Coimbra,Praia de Mira,Odienné
Codee,Foskew,9578314442,376,,Tamontaka,Pulau Pinang
Jilleen,Edmondson,5578966519,377,Kronoberg,Markaryd,Drawno
Daile,De Hoogh,8890903201,378,,Staraya Ladoga,Obolensk
Steward,Kennham,9612290512,379,,Rudnyy,San Vicente
Borden,Dargie,6687482750,380,,Genang,Maoshan
Maryl,Bowness,3688940741,381,,Mieszkowice,Krajan Bejagung
Bennie,Pottery,5583862696,382,,Damāvand,Mahdia
Iorgo,Remnant,6398811593,383,,Marsaxlokk,Penitik
Carrissa,Farnhill,3566725692,384,New South Wales,Eastern Suburbs Mc,"Palmas De Gran Canaria, Las"
Gwenny,Leppingwell,1378767888,385,,Olszówka,Niebocko
Roxane,Caroli,8935396141,386,,Zhifang,Veshnyaki
Cindra,Tynnan,4331244849,387,Braga,Portela,Szprotawa
Adam,Doige,8977612233,388,,Alta Gracia,Suqin Huimin
Phebe,Ethelstone,4341868691,389,,Cahabón,Nikolina Gora
Gerardo,Murr,7693123202,390,,Impendle,Yanaoca
Annelise,Stokey,2436208271,391,,Kaeng Khoi,Marisgama
Nelli,Frear,8922298588,392,Ilha de São Jorge,Biscoitos,Novoye Leushino
Velma,Panton,8273011674,393,,Baishan,Kameoka
Cris,Oughton,6581004227,394,,Maibu,Gonzalo
Sharla,Aylett,4577025280,395,,Omīdcheh,Cúcuta
Barnabas,Kermath,7572389708,396,,Madjeouéni,Mulyadadi
Louella,Verity,7113910785,397,,Mliwang,Kaytitinga
Lindy,Jedrychowski,4634604728,398,,Káto Glikóvrisi,San Ramón
Laverna,Bonnaire,3753489395,399,,Armenia,Sarpang
Baillie,Kraft,2577770359,400,,Liliana,Chuanxi
Eve,Cawston,5606297442,401,,Gori,Mateus Leme
Marlee,Fihelly,1160978190,402,,Thành Phố Hạ Long,Ia Kha
Gracia,Delbergue,0652284329,403,,Norzagaray,Pensilvania
Kania,Maddox,1697688101,404,,Shuangxi,España
Jonah,Izak,7316587814,405,,San Enrique,Belfort
Alisun,Flucker,1814181210,406,Portalegre,Portalegre,Maanĭt
Felic,Rhymes,5765642780,407,Sor-Trondelag,Trondheim,Xinsheng
Chantal,Pach,1568585403,408,,Cibeureum Satu,Nikolayevsk
Eugenio,Keitch,9941646937,409,Blekinge,Ronneby,Goubétto
Adela,McGready,2219712761,410,,Sumbergedong,Roza
Sela,Archbutt,7838340772,411,,Kinamayan,El Ocotón
Gannon,Loveday,1914055802,412,,Baru,Bacong
Ian,Jirick,8476952570,413,,Trzebinia,Halmstad
Marti,Shimoni,3639776615,414,,La Guata,Kiangan
Jacenta,McAw,4486453085,415,Stockholm,Täby,Krathum Baen
Morey,Snashall,4921517622,416,,Jacura,Landivisiau
Charley,McInility,3632661278,417,,Tampocon,Galán
Franz,Nordass,7631638861,418,,Pidhaytsi,Shiyan
Janela,Goullee,9051410360,419,,Richky,Columbus
Mildrid,Geeve,8965590485,420,,Balangkayan,Oldřišov
Meade,Bore,2396709690,421,,Ananindeua,Chipinge
Walker,Belward,7888088856,422,,Toyama-shi,Libertad
Abeu,Scemp,1021570605,423,,Yujia,Tarouca
Olympe,Leander,5062150841,424,,Pamoyanan,Magumeri
Cindy,Tertre,5091995846,425,,Huangtukuang,Castanhal
Thorndike,Gaydon,4085647326,426,,Sansanné-Mango,Punkaharju
Gaultiero,Pettifer,3621407855,427,,Aydūn,Hagonoy
Gallagher,Scales,0892136960,428,,Sidi Redouane,Kochetok
Abbe,Turland,1893322262,429,,Fraile Pintado,Jiwei
Iona,Gianninotti,6136511657,430,,Renxian,Nanshao
Aretha,Devonshire,5800591091,431,Ohio,Cincinnati,Zopilotepe
Gerianne,Goodin,8613248268,432,,Sade,Jabat
Gilbertina,Tessyman,2418385027,433,,Osorno,Mobai
Jude,Elnaugh,4617768807,434,,Levski,Ciranca Satu
Clerc,Fylan,5990983700,435,,Kanoni,Buutuo
Waiter,Bootherstone,4735451978,436,,Wutumeiren,Sumberjeruk
Vince,White,2044126664,437,,Banjarejo,Svalyava
Quinton,Sheward,2017089117,438,,Uwajima,Baohe
Noel,Boakes,8777885376,439,,Sharan,Sernovodsk
Lorita,Gingel,8002579879,440,,Butha-Buthe,Manturovo
Web,Marzele,2976817103,441,Tamaulipas,Obrera,Yuli
Irene,Montacute,0053435877,442,,Fuxing,Atabayan
Talbert,Warland,9381928169,443,,Zabrat,Fenais da Ajuda
Antonio,Ripsher,6430892506,444,,Chengguan,Sumberjo
Gilburt,Woollin,1419294288,445,,Pang,El Coco
Ara,Rasell,0566473445,446,,Sempu,Deqing
Kincaid,Vido,9787450764,447,,Pangian,Donglu
Brade,Beaumont,4044297622,448,,Huai Yot,Bancar
Delia,Brownett,5409218760,449,,Totoras,Tānsen
Markus,Persehouse,8901778459,450,,Santos,Mashan
Roseanne,Highway,3424902675,451,,Rechitsy,Edineţ
Justen,Janus,9391999832,452,,Khairiahmandah,Lampitak
Corette,Marskell,1012567117,453,,Ostružnica,Bocowanti
Opalina,Gergus,8621652706,454,,Qaţanah,Krathum Baen
Erinn,Gostick,3186148863,455,,Nanfeng,Xishanzui
Ephraim,Grenter,2972295110,456,,Uyutne,Şalākhid
Ardath,Mogridge,0413240487,457,Lisboa,Casa Nova,Yangfang
Ariel,Siddons,6613427632,458,,Merdeka,Non Sila
Trip,Yepiskopov,6279457885,459,Setúbal,Foros da Catrapona,Hatogaya-honchō
Averil,Fishwick,7028001423,460,,Sanandaj,Tours
Teddy,Chilcott,2166976085,461,,Wotho,Xiabao
Abra,Hansberry,1761787039,462,,Ganting,Lijiazui
Rhodie,Yurov,0644725907,463,Pulau Pinang,Pulau Pinang,Safakulevo
Josey,Baughn,4747472118,464,Jönköping,Jönköping,Karlskrona
Douglas,Napoli,2620956617,465,Île-de-France,Aulnay-sous-Bois,Tash-Kumyr
Murial,Bartoszewski,5141850609,466,,Chenchang,Khirdalan
Malinda,Berfoot,8392915313,467,,Retiro,Nagiba
Lyn,Bisseker,7469334467,468,,Oruro,Las Flores
Ramsay,Kinghorne,0092034551,469,,Kamenka,Abuja
Rosalinda,Coulman,5402324271,470,Viana do Castelo,Passal,Ningzhong
Maitilde,Bindon,5958250914,471,,Uthai Thani,Liliongan
Mandi,Gleadle,1454484713,472,,Modot,Kumanovo
Honor,Jury,3529713228,473,,Joaquín V. González,Saint-Denis
Mella,Ruprecht,7368152010,474,Colorado,Colorado Springs,Kurnia
Marlo,Oris,5369477973,475,,Phanat Nikhom,Dalu
Freemon,Castel,0859092305,476,Guerrero,San Jose,Cesvaine
Aprilette,Falconer,8047510045,477,Centre,Châteauroux,Jiaoqiao
Etti,Caret,6925409842,478,Viseu,Caldas da Felgueira,Hulutao
Rolland,Brabbs,0598258140,479,Chiapas,El Mirador,Bromma
Paxton,Soule,0058403442,480,Östergötland,Vadstena,Zhuxing Chaoxianzu
Gale,Tremouille,8142448777,481,,Tartaro,Talun
Jeanna,Hunnawill,4046450681,482,,Chekmagush,Notre-Dame-des-Prairies
Noemi,Felderer,5805919710,483,,Kępice,Shilovo
Mason,Attryde,6822804048,484,,Bor,Tazhuang
Sarette,Kubat,1145544517,485,,Abangay,Sheli
Ina,Hoolaghan,6766709472,486,,Longkou,Magomeni
Renie,Kimberley,5019152188,487,,Sinegorskiy,Nsukka
Jane,Woodroffe,3388042233,488,,Sidi Lamine,Barroso
Cordi,Jadczak,3508174867,489,,Toba,Villa Nueva
Sheryl,MacLennan,5882256178,490,,Manta,Al Ḩumaydāt
Celie,Kenworthey,4212263823,491,,Campos Belos,Dong’ao
Maynord,Haddrell,4521209815,492,,Pilang,Ossora
Merissa,Ozanne,9269158209,493,,Tanzhou,Plakhtiyivka
Claus,Fobidge,6328870124,494,,Ganzi,Alzamay
Georas,Yashaev,7193268791,495,Uppsala,Knivsta,Zlatni Pyasatsi
Lanette,Kinlock,6860014598,496,,Kanluran,Nglengkir
Rafaelita,Grioli,8095923656,497,,Sergelen,Beverwijk
Pooh,Leehane,3528072156,498,,San Celestio,Ouijjane
Keen,Pearcy,3394126567,499,Stockholm,Rönninge,Tô Hạp
Melisandra,Mardee,2294313798,500,,Kájov,Balrothery
Corilla,Iacobacci,8642772654,501,,Kurów,Kupino
Clareta,Challice,9221149862,502,,Kasli,Dhībīn
Diandra,Dodson,8215957544,503,,Novozybkov,Dengteke
Gleda,Keetley,3753685011,504,,Pongkor,Xiachengzi
Ward,McLaughlan,1623526027,505,,Khanino,Nijiangping
Dell,Syrie,4074869179,506,Languedoc-Roussillon,Nîmes,Basseterre
Glen,Raunds,8807494701,507,,Farafangana,Pingyang
Wolfgang,Ruggs,1830713922,508,,Ilopango,Compiègne
Eran,Tuson,9140938824,509,,Genengan Kulon,Iłowa
Peg,Mulloch,7717020629,510,,Nikkō,Stąporków
Menard,Olivella,9743162690,511,,Beigao,Tabio
Cyril,Tayt,9355642105,512,,La Libertad,Arjawinangun
Con,Scandwright,1309457603,513,,Hongcao,Kobyzhcha
Hyman,Heeron,2122797916,514,,Cariamanga,Siverskiy
Stormi,Laviss,0625984153,515,,Kunčice pod Ondřejníkem,Nguékhokh
Odie,Charlotte,0225569272,516,Louisiana,New Orleans,Shuangyang
Fin,Caccavale,4723998462,517,,Khotynets,Iława
Devin,Caught,3332444840,518,,Haodian,Leiyang
Emlynn,Prophet,1986374904,519,,Jiuxian,Grand Forks
Red,Gillyett,9944686778,520,Veracruz Llave,Dante Delgado,Humpolec
Wolfy,Machan,1774635909,521,,Mahalapye,Eling
Adey,Garrud,3426951886,522,Provincie Noord-Holland,Haarlem,Mariefred
Dulsea,Matresse,9892208595,523,New Jersey,Paterson,Amman
Cristy,Palleske,9053942181,524,,Huanggong,Pojok
Sylas,Summerlie,4558810296,525,,Bajia,Avellaneda
Payton,Nissle,8705617774,526,,Aricapampa,Inawashiro
Rance,Gadaud,9696065094,527,Ohio,Cincinnati,Jiangpu
Clarissa,Bonnick,3771515483,528,,Железный порт,5 de Mayo
Georgi,Bootes,5039657358,529,,Xinghua,Aix-en-Provence
Antonetta,Piscopello,0825018536,530,,Binjiang,Shabel’skoye
Bondon,Knoton,7852823122,531,,Kromy,Ghār al Milḩ
Tod,Bramsen,0296434159,532,,Cái Dầu,Ullubiyaul
Estrellita,Clowsley,4768751830,533,,Maoyang,Nassau
Roz,Hiddersley,6325404637,534,,Požarevac,Hasaki
Ginger,Doolan,0534652182,535,,Susoh,Pyatigorskiy
Veda,Gwynne,0689086024,536,,Enewetak,Non Narai
Niven,Landells,2824807679,537,,Tsushima,Nuwara Eliya
Cayla,Frost,2613880554,538,Oaxaca,San Miguel,Majāz al Bāb
Bruce,Goldthorp,4644664081,539,New York,Rochester,Kalýves Polygýrou
Collette,Tierny,4777584798,540,,Guanmiao,Lugang
Cristiano,Witard,4757029020,541,,Tolotangga,Xiaocheng
Elenore,Lawson,6240207578,542,,Xiaoyi,Xuefu
Nanete,Bearcroft,5217418729,543,,Qom,Aimorés
Griz,Pashen,4876035326,544,,Caeté,Airuk
Iggy,Dilrew,2379234582,545,,Patria,Mantes-la-Jolie
Sheffy,Schulke,6564094434,546,,Zhangfeng,Cầu Giấy
Lambert,Tregian,8427801122,547,,Campoalegre,Vatutine
Renata,McParlin,7560797512,548,,Xinhang,Mhlambanyatsi
Charleen,Leve,7692724091,549,,Changyŏn,Rancapare
Welch,Mahedy,0756986796,550,,Ciyu,Taibai
Sarge,McCuthais,1482253127,551,Languedoc-Roussillon,Perpignan,Tapel
Fred,Boldock,6019961079,552,,Blansko,Zouparria do Monte
Chantalle,Davidek,2486512527,553,,Gongchang Zhen,San Francisco
Brunhilda,Hammerman,0849313473,554,Corse,Ajaccio,Kopidlno
Moyra,Lantiff,3558973194,555,,Zhangshi,Hřebeč
Jobi,Lunck,7522968003,556,Budapest,Budapest,Liangyaping
Faye,Klaassens,5726411250,557,,Choya,Mukun
Cirstoforo,Knowlys,6630715748,558,,Baranów,Söderhamn
Heloise,Yurmanovev,1705567592,559,,Tarnowiec,Pegongan
Meggie,Cromarty,5563906477,560,Leiria,Lameiro,Pathum Thani
Faydra,Oattes,7500972822,561,,Ostankinskiy,Jeremi
Bel,Cominotti,1803377917,562,,Taiba,Jia’an
Melisa,Grisewood,3491257921,563,Baden-Württemberg,Freiburg im Breisgau,Amizmiz
Alie,McCool,0627719546,564,Florida,Orlando,Antony
Matty,Phillcock,7189395253,565,,Jargalant,Divača
Peyter,Atwool,4460576503,566,,Tianxin,Nardaran
Charisse,Nunnerley,9189581989,567,,Kopen,Suvorov
Aldon,Geroldini,4924090832,568,,Kujung,Mende
Berte,Ibert,0931019761,569,,Xinqiao,Shangma
Cobby,Kleinzweig,7012538503,570,Coimbra,Coja,Siquisique
Zonnya,Shasnan,8548969377,571,,Shahbā,Woha
Betta,Wateridge,8310461879,572,,Studenec,Sexmoan
Fielding,Canete,3662186055,573,,Марино,Estancia
Lloyd,Stellino,1263589774,574,District of Columbia,Washington,Baiquan
Bee,Late,4146445361,575,,Limoeiro de Anadia,Villa Ocampo
Dode,Staden,2580551395,576,,Velké Pavlovice,Xinxing
Othelia,Songest,5998654811,577,,Dazhou,Ōnojō
Adrien,Felstead,9052213275,578,,Peristerona,Da-an Sur
Dinnie,McCaghan,8864687173,579,,Kandangsapi,Moncton
Ruttger,Batie,5499604231,580,,Wumahe,Mosteiros
Karalee,Dunlap,3690724198,581,,Binitinan,Alapayevsk
Clemmy,Gionettitti,0953527735,582,,Luodong,Kansas City
Kathe,Heyworth,6124170051,583,Florida,Pensacola,Bolou
Deina,Kilfeder,2203133570,584,,Niedźwiada,Eindhoven
Karlotta,Callington,5179355818,585,,Jiuhua,Lubāna
Georgeanne,Currer,7355041134,586,,Tatarbunary,Veřovice
Frederik,Stroud,0281702926,587,,Aksu,Mielec
Sol,Menier,0967113881,588,Västra Götaland,Göteborg,At Samat
Issy,Tonkes,5810575404,589,,Guandi,Phoenix
Olympia,Alman,2476488747,590,,Pilar,Boston
Dot,Skene,6662891339,591,,Nāḩiyat Alī ash Sharqī,Bayramaly
Julie,Fermoy,3671914076,592,Basse-Normandie,Bayeux,Dahe
Kira,Minger,7116169121,593,Västra Götaland,Stenungsund,Desovo
Sergent,Steinhammer,7429640818,594,,Yiqi,Gudurica
Raimund,Thomel,1029703353,595,,Dolod,Wilmington
Stephan,Churchyard,2675577405,596,,Xinzhai,Bordeaux
Terrell,Arnoll,1697758568,597,,Binuangan,Trondheim
Feliza,Lamberto,7594773357,598,,Oštarije,Thành Phố Phủ Lý
Frederik,Willgrass,7498436345,599,,Jincun,Tawan tawan
Tomasine,Baynom,6780987980,600,Gävleborg,Edsbyn,Pisão
Trista,Heinsius,5203004951,601,,Qiansuo,Klana
Rae,Durrant,2561337650,602,,Guangdu,San Pablo
Sydney,Morriss,5840398292,603,,Flandes,Kiraman
Glenna,Fulkes,3432905688,604,,Pagedangan,Vostochnoe Degunino
Denni,McFarlan,0563666854,605,,Zborište,Sanhui
Eugenia,Kolyagin,0500834474,606,,Selaawi,Nuku‘alofa
Pietra,Diament,5015160747,607,,Pakxong,Santa Lucía
Letty,Coram,3717368362,608,,Nanhe,Songfeng
Zara,Grishanin,9935785742,609,,Nageswari,Noemuti
Smith,Cullin,6557067788,610,,Panenjoan,Varjota
Stan,Radmore,1870115007,611,Rhône-Alpes,Lyon,Ganlin
Jarad,Dowzell,6602318306,612,,Itapetininga,Vidoši
Devinne,Jatczak,3590620331,613,,Isugod,Bibinje
Thornton,Rigeby,8723311983,614,,Medellín,Ribeira
Teador,Jaime,6126788710,615,,Dhībīn,Parabcan
Gene,End,2932491075,616,,Mananjary,Saquarema
Mallory,Calafate,3376290814,617,,Millerovo,Kazlų Rūda
Hussein,Biaggelli,8232786604,618,,Pyatovskiy,Cikadongdong
Clint,Lowles,0542382695,619,,Dongshangguan,Shazhou
Gustavus,Briereton,2356170944,620,,Pöytyä,Želetava
Lissi,Theobalds,5200738121,621,,Jun’an,Daxi
Erin,Treffrey,7707645324,622,Washington,Seattle,Zevenaar
Rozalie,McMyler,7740750581,623,,Krylovskaya,Repnoye
Ruthanne,Gash,7964288083,624,,Selaawi,Karlskrona
Kendal,Rudall,9580242801,625,,Xizhong,Vokhaïkó
Nev,Avard,0300091362,626,,Ostrów Mazowiecka,Pivka
Baxter,Dumbrell,4237884872,627,,Yajin,Faaone
Jack,Merrison,0350522812,628,Colorado,Pueblo,Tierp
Joe,Phalip,7600473852,629,,Ḥurfeish,Būrewāla
Audrey,Stedall,9943597046,630,,Jisegumen,Savonranta
Chad,Tourle,7979989414,631,,Faisalābād,Voiron
Gordan,Tisun,2165321166,632,Setúbal,Casal do Sapo,Limbuš
Selena,Vassall,7833875244,633,,Krasnoarmeysk,Roseau
Herman,Olden,9020567357,634,Aveiro,Costa Nova do Prado,Hewa
Shawnee,Leile,7644939253,635,,Barayong,Diveyevo
Lannie,Wennam,6891573629,636,,Taketoyo,El Cairo
Raymund,Ferries,9811097364,637,,Songgang,Sölvesborg
Whitney,Exley,3974871802,638,,Baiyang,Kampungdesa
Glennie,Tulleth,7339174273,639,,Tanjay,Tianyuan
Coleen,Espinoy,2842964128,640,,Martakert,Piraju
Riordan,Lodin,4109921309,641,Île-de-France,Rungis,Aquin
Hyacinthie,Sanham,1282637177,642,,Taoyuan,Nizhnevartovsk
Truman,Mannooch,3593044234,643,,Ruangwa,Zangbi
Siouxie,Gear,0640706185,644,,Ogod,Wonokerto
Marcello,Lindegard,9119339224,645,,Zalishchyky,Pasanggrahan
Dalston,Killock,4323786174,646,Île-de-France,Rungis,Syktyvkar
Mervin,Mobberley,8865083948,647,Stockholm,Stockholm,Nenotes
Hyacinthie,Galway,6216014145,648,,Jiaobei,Fedorovka
Duffy,Paschek,5794549289,649,,Nanwai,Magdeburg
Archy,McRobert,9650037551,650,,Valašská Bystřice,Florencio Varela
Rey,Loynes,0011461632,651,,Gumuk Tengah,Petrolina
Ike,Schoroder,4750541435,652,,Kassiri,Tchintabaraden
Teodorico,Bunworth,3353196420,653,,Saurimo,Frösön
Annemarie,Shattock,8833319229,654,,Tianchi,Kalloní
Brnaby,Davidovici,2328587046,655,Saskatchewan,Kindersley,Tōgane
Jonathan,Shaudfurth,8526861220,656,,Phrae,Afareaitu
Roseanne,Houchin,8815227547,657,Västra Götaland,Bengtsfors,Yunyang
Merrile,Bulpitt,0016052676,658,,Vân Đình,Palca
Edlin,Ong,3598426232,659,,Rapas,Tutong
Shelley,Luisetti,6631655323,660,,Kubang,Rijeka
Brockie,Cortin,0287171361,661,Braga,Santa Maria do Souto,Al Kittah
Goldia,Pauli,3940623385,662,Santarém,Cercal,Oslo
Iolande,Liston,7810685783,663,,Hexi,Jatimulyo
Danit,Vondrak,9346917245,664,Île-de-France,Bobigny,Hiroshima-shi
Gwynne,Dresse,3563484538,665,British Columbia,Kelowna,Kamiennik
Carolee,Shaudfurth,8316637162,666,,Pasarbaru,Atiquizaya
Candy,Forte,2240082461,667,,Bode Sadu,Qazax
Clim,Lindenberg,0753513781,668,,Staryy Oskol,Samothráki
Pippo,Biggs,5138930311,669,,Kinsale,Blimbing
Vikky,Hawes,9723179350,670,Andalucia,Malaga,San Andros
Killie,Belvin,6433317855,671,,Tsowkêy,Borda da Mata
Alyson,Pol,0137005997,672,,Novodvinsk,Ključ
Dalt,Zuppa,0736544372,673,,Yuanhou,Campo de la Cruz
Lyndsay,Megroff,3234543011,674,Bremen,Bremen,Kholbon
Xylina,Crawshay,7583581028,675,,Ipirá,Sousa
Nara,Fennell,9814261823,676,,Mpumalanga,Moa
Robenia,Blowfield,9721620491,677,,Jinggongqiao,Jīt
Gizela,Phillput,1484906365,678,,Iława,Abay
Elizabeth,Searsby,2024665683,679,,Nanxing,Apongo
Nyssa,Toth,0356813630,680,,Trzciana,Seongnam-si
Raf,Callender,5559081078,681,,Sanquan,Zhinvali
Oren,Talmadge,3955925757,682,Nordrhein-Westfalen,Gelsenkirchen,Moita
Lucien,Bursnell,5515965191,683,,Antabamba,Capela
Yankee,Lartice,9005841443,684,,Dan Makham Tia,Norman Wells
Emili,Magor,5569856595,685,,Kylmäkoski,Bahay Pare
Ryun,Tschersich,5736800748,686,Provence-Alpes-Côte d'Azur,Marseille,Xiaohe
Norman,De Fraine,0081761287,687,,Zabrze,Kobleve
Kristoforo,Agnew,7179782491,688,,Emnambithi-Ladysmith,Brooklyn
Marybeth,MacMenamin,2785639987,689,,Dili,San Fernando Apure
Joline,Vader,0075132796,690,,Vichuga,Dzaoudzi
Chucho,Bachnic,9417264834,691,,Semeljci,Jefferson City
Barnie,Scrivner,6847031131,692,,Węgorzyno,Černelavci
Rogerio,Szymczyk,8450447593,693,,Monchegorsk,Zhongjiapu
Verena,Danell,3644683522,694,,Vryburg,Pereira
Hildy,Parley,6915618740,695,,Sykiés,Villejuif
Goldi,Keeble,4326747048,696,,Đà Bắc,Kunwi
Rriocard,Kilroy,7037862983,697,,Matanzas,Izborsk
Alain,Deegin,5920415754,698,Guerrero,El Zapote,Lubuk Sikaping
Pauli,Mc Dermid,8917906796,699,,Fengjia,Zábřeh
Loni,Vanin,4713206245,700,,Omsk,Qingshui
Corrina,Caslane,7650221555,701,,Anfu,Semënov
Jana,Foy,7837652282,702,,Totolan,Cuauhtemoc
Killian,Stimpson,6498943254,703,,Hamamatsu,Bălţi
Arlyne,Durkin,8191948605,704,,Xijiang,Perreng
Allister,Hamerton,0266753930,705,,Karukh,Sukabatu
Mannie,Sexton,2301325989,706,,Quanshang,Cikadu
Barn,Brimble,6349469658,707,Västmanland,Västerås,Maogang
Diarmid,Fiander,1045305170,708,,Boconó,Malakal
Bud,Anfossi,8549972797,709,Provence-Alpes-Côte d'Azur,Port-de-Bouc,Ghormach
Ranice,Van Bruggen,1533072248,710,Texas,San Antonio,Saint John
Gayle,Bore,3608650695,711,,Ferdinandovac,Balice
Billie,Skoggings,0528551388,712,,Kyjov,Fordon
Gino,Immer,1608289141,713,Braga,Chãos,Dian-ay
Belvia,Varty,2695677375,714,Steiermark,Schäffern,Portland
Sayre,Kort,7633119020,715,Bourgogne,Nuits-Saint-Georges,Pedra
Willdon,McLelland,9078349786,716,,Songmuping,Camacha
Myrtle,Hoolaghan,9893852552,717,,Su-dong,Dangcalan
Ezechiel,Chart,2433685583,718,Bretagne,Rennes,Roma
Sukey,Cullen,6074798524,719,Tennessee,Murfreesboro,Sŭngho 1-tong
Fanya,Hassett,7249818066,720,,Ibarreta,Melaka
Karney,Ditts,4333147883,721,,Hitiaa,Tworków
Noby,Becaris,8415515502,722,,Bulnes,Río Gallegos
Kelsi,Hodinton,4810363791,723,,Huangdu,Bojnik
Liva,Beau,4169844203,724,Jalisco,Vista Hermosa,Vista Hermosa
Susan,Arnout,2543014586,725,Illinois,Chicago,Kasamwa
Mia,Simmill,4325661409,726,,Bilje,Falun
Paul,Attiwill,5192419573,727,,Moijabana,Sukadana
Gisele,Meneur,9136186880,728,,Serednye Vodyane,Bến Tre
Hannah,McCarney,8181027264,729,Provincie Noord-Brabant,Rosmalen,Rozhdestveno
Ogdan,Easdon,5423681979,730,,Herīs,Niwiska
Meir,Eady,3024882944,731,,Chŏngju,Botou
Michel,O'Kenny,3162928036,732,,Tres Arroyos,Shanxi
Eirena,Birchwood,1298729319,733,,Padangtiji,Songzhuang
Conchita,Boshers,8941039886,734,,Lazarat,Apaga
Ogdon,Bente,6131038589,735,,Kuanping,Daxindian
Rodrique,Chiplin,7869718319,736,,Tanahwangko,Nizhniy Tsasuchey
Grazia,Storrar,0920498426,737,,Shangtuhai,Nanzhen
Petronella,Simoes,7480382197,738,,Lyubim,General Alvear
Roger,Kornalik,1663345643,739,,Patapan,Iniö
Corene,Cade,9169445729,740,,Abastumani,Boyuibe
Josias,Van den Hof,9151814013,741,,Xigaoshan,Mourelos
Benny,Plowes,1354060733,742,,Gotovlje,Ankaran
Brandise,Horsewood,4726339915,743,Vila Real,Ermelo,Wonokerso
Minny,Wrotham,7312149286,744,Viana do Castelo,Carvalho,Kwakoa
Jefferey,Jentin,4047623008,745,,Mankono,Sasar
Didi,Piecha,3040933191,746,,Aleysk,Cela
Rorie,Ferrari,2028117877,747,Washington,Vancouver,Oklahoma City
Lexis,Pidon,1396855270,748,,Basoko,Hanjia
Aimil,Wharby,1366005023,749,,Kragujevac,Gubo
Harman,Vautrey,9779329080,750,,Suicheng,Heyu
Katine,Camis,8203320252,751,,Calabugao,Bastos
Tanney,Nealy,1174841095,752,,Wulijie,Siay
Myrta,Landreth,7147695992,753,,Yanping,Bakaran Kulon
Blayne,Geldeard,9552631807,754,,Laixi,Baihe
Arluene,Blakeston,1737405520,755,,Grootfontein,Sukakerta
Derward,Geaney,6752207674,756,,Ngorongoro,Čížkovice
Reta,McCaughey,9926257941,757,,Srokowo,Paulo Afonso
Edvard,Bunkle,7334605802,758,,Chambara,Lopar
Jeffy,Massard,5857129907,759,Setúbal,Pinhal General,Baroh
Rhetta,McIlmorie,6748299942,760,,Himeville,Vrede
Nikolos,Gaitone,7557460413,761,Mexico,Buenavista,Guniushan
Ailee,Gilstoun,8751317532,762,,Karak City,Nanshi
Cleveland,Rosentholer,0188031073,763,,Arsenal,Dongjiao
Trenton,Stapford,0220677581,764,,Kubachi,General Ramírez
Olivia,Pickersail,8851233578,765,,Liujia,La Cruz de Río Grande
Reta,Simonian,8321496512,766,,Krajan Keboromo,San Antonio
Ulrikaumeko,Sailor,6776059152,767,,Lanyi,Lanuza
Sheppard,Batt,7381594595,768,Santarém,Barrosa,Dongchen
Stefanie,Carlick,0286734095,769,Michoacan De Ocampo,La Palma,Ketang
Jillayne,Stoneham,0233751858,770,,Imulolong,Tournon-sur-Rhône
Manuel,Boase,9825951559,771,,Santo Amaro,Somba
Dar,Berfoot,0492819777,772,,Kabala,Nowa Dęba
Alvie,Fritchly,9464739088,773,,Moulay Yacoub,Caujul
Lorin,Killingworth,8341066912,774,,Huelkail,Dārayyā
Randolph,Lecky,8122304087,775,,Zhongxin,Winston Salem
Dominique,O'Heffernan,3198928400,776,,Iniö,Barishāl
Gabi,Farrin,2940542694,777,,Liyang,Qindu
Aubree,Berling,0071636471,778,,Podkamennaya Tunguska,Agbani
Anatole,Minerdo,7447070033,779,,Xinshi,Cancela
Trstram,Lumbers,4341369393,780,,Fengtai Chengguanzhen,Pameungpeuk
Aluino,Plews,7590453889,781,Jönköping,Nässjö,Tangjiakou
Avictor,Corselles,1045266620,782,,Kolyshley,Wenquan
Adrea,Donat,6980977547,783,,Velká Bystřice,Kawangu Satu
Nancy,Galea,5156290531,784,Lazio,Roma,Petropavlovskaya
Ellen,Consadine,0547429045,785,Alsace,Mulhouse,Sandviken
Zebedee,Ofield,8208501840,786,,Sumberejo,Grębków
Tildie,McComb,7136182751,787,,Dajt,Aime
Corabel,Pinnell,7373888283,788,Västra Götaland,Trollhättan,Huntsville
Wiley,Ness,5425606486,789,,Aş Şafaqayn,Lesnoye
Netty,Igonet,0372147658,790,,Remas,Banjar Banyuning Barat
Quinn,Gozney,0780913450,791,,Ambelókipoi,Antabamba
Thacher,Kesey,4910796835,792,,Jiaoshanhe,Delft
Land,Vasyukov,0901532738,793,,Xinshidu,Ramain
Meade,Senecaut,7510926998,794,,Málaga,Aswan
Kiri,Skoyles,7397208274,795,Sicilia,Messina,Ivano-Frankove
Viola,Lakeland,8258388010,796,Massachusetts,New Bedford,Lyon
Konstantin,McKew,0791150615,797,,Kireyevsk,Paltamo
Mellisent,Childes,1733241566,798,Uppsala,Uppsala,Brckovljani
Legra,Allison,7740573264,799,,Fengmu,Akashi
Chauncey,Pinyon,1235582493,800,,Daojiang,Nam Kliang
Kyle,Pidgeley,5044354945,801,District of Columbia,Washington,Barão de Cocais
Merissa,Engall,1857377265,802,,Bulawayo,Kant
Isac,Layfield,1251017894,803,,Bela Vista do Paraíso,Taiping
Ilaire,Meadowcraft,6099929223,804,,Buensuseso,Kahrīz
Edithe,Pashler,3209714185,805,,Ciharalang,Buriram
Julio,Rieme,2056735539,806,,São Mateus do Maranhão,Isnos
Harlin,Drewry,4258066214,807,,Warburton,Villeneuve-lès-Avignon
Sancho,Marchetti,4950973525,808,,Wolong,La Palma
Mayne,Tindley,7872665085,809,,Kosh-Agach,Qiaotou
Reinhold,Papis,2638555576,810,,Maojia,Hingatungan
Henry,Gelsthorpe,8723669136,811,Oslo,Oslo,Seputih
Arlan,Thurston,2860193324,812,,Pirava,Selce
Farris,Joblin,0504424750,813,,Bilbays,Notre Dame
Jewel,Bettison,2979695246,814,,Kitahiroshima,Alis
Jocko,Henfre,5842951312,815,,Curití,Bokaa
Calley,Inworth,4902632179,816,Nordrhein-Westfalen,Dortmund,Smederevo
Jocelin,Eastment,2069142221,817,,Colonia Elía,Piru
Cynde,Freeburn,3261868376,818,,Tegina,Caballococha
Kara,Osmant,7381820722,819,,Tarogong,Emiliano Zapata
Chiquia,McGrane,6290257730,820,Oslo,Oslo,Malvern
Glyn,Spini,1925516709,821,,Ragana,Oliveiras
Baxie,Guinn,6064833238,822,,Pavlovsk,Jiaxian Chengguanzhen
Priscilla,Zanuciolii,0327910151,823,,Zhutang,Stockholm
Thorstein,Ewert,5609069823,824,,Shitong,Bilyarsk
Libbie,McCarney,1229600396,825,,Saga,Sumberagung
Alice,Kryszkiecicz,2948095549,826,,Makoua,Centre de Flacq
Lissa,Kunat,2143309953,827,,Sarrat,Wangshi
Leo,Kingdom,5345883467,828,,Zhiletovo,Iradan
Tulley,Bollam,9730711933,829,,Lope de Vega,Coronel Belisle
Rudd,Couttes,7653888100,830,,Riangwale,Līkak
Quint,Gebby,5731999554,831,,Strelitsa,Tambo Grande
Konstantine,Spittall,2237908346,832,,Oekero,Las Flores
Constance,Asbery,8294756385,833,,Nicoya,Silveiros
Reina,Skayman,8206241299,834,,Wairinding,Wolbrom
Fredericka,Hellwing,5212212014,835,,Lingtou,Los Frentones
Kalila,Bebbington,5986262190,836,,Khonj,Pudong
Dagmar,Sommer,2830211782,837,,Lins,Sadská
Batholomew,Cavendish,5344460392,838,,Jiaoziya,Puerto Santander
Quincey,Bartusek,6805185394,839,,San Carlos,Thai Charoen
Andros,Tolley,4772672583,840,,Tianzhu,Guingamp
Elisabeth,Kaspar,4266587260,841,Midi-Pyrénées,Castelsarrasin,Uummannaq
Traci,Salway,0563574275,842,,Novikovo,Hukeng
Margo,Bostock,1008192171,843,South Dakota,Sioux Falls,Paucarbamba
Arie,Piggin,1843845784,844,,Pancol,Jinchang
Verne,Mcwhinney,5681278328,845,,Gapuk,Xujiahe
Auroora,Weine,9277975563,846,,Bungoma,San Marcos
Helsa,Macquire,6485173714,847,,Birsa,Malakhovka
Blanch,Vallerine,1291873171,848,,Tutong,Fufang
Virgina,Risebrow,5432263270,849,,Fonte Boa,San Antonio
Westleigh,Twist,4806332593,850,Lazio,Roma,Banjar Wates Tengah
Christian,Raccio,7415109961,851,,Banyue,Xindu
Tomasina,Gillicuddy,1338691538,852,,Sułów,Shixi
Vernor,Ellin,9946242036,853,,Roche-à-Bateau,Urus-Martan
Justin,Beavington,4033999582,854,,Paine,Malešići
Ewart,Crawforth,7411712248,855,,Qukës-Skënderbe,Cukanguncal
Nona,Veque,6327467148,856,,Daohe,Durham
Eden,Willoughey,3042336719,857,Rhône-Alpes,Eybens,Kansas City
Trina,Cowdrey,0152385401,858,,Tuntum,Hegarsari
Kaycee,Rubinovici,5881686861,859,,Komorniki,Bukal
Libbi,Pickrill,4950729489,860,Campeche,Guadalupe,Budapest
Lazare,Albrecht,1625068875,861,,Araxá,Guayabo Dulce
Angela,Eaddy,4341114093,862,,Ust-Kamenogorsk,Clondalkin
Tiertza,McKerron,9484173497,863,,Gasan,Bajingmeduro
Eyde,Graysmark,7236879118,864,,Nizhniy Kislyay,Pitangui
Rollie,Olivet,0540179132,865,,Xinyi,Krajan Gajihan
Amelia,Tullis,1737706725,866,,Mashan,Shuiyuan
Bernadette,Giblett,9549929515,867,,Promna,Kratovo
Elmo,Sinclair,0223814970,868,,Bërxull,Fraga
Benji,Tollemache,6776915504,869,,Balky,Cabiao
Amberly,Nezey,1621628191,870,Georgia,Lawrenceville,Glasgow
Jessee,Roumier,6868009151,871,,Las Tablas,Sinegor'ye
Ashby,Pacitti,1817454501,872,,Yevlakh,Sabangan
Earlie,McGraffin,0401376613,873,Indiana,Evansville,Arcoverde
Jake,Bydaway,2611318972,874,,Xinshi,Tumbagaan
Carolin,Grieswood,7806941916,875,,Beipai,Asarum
Meaghan,Mottram,4273200430,876,,Razumnoye,Jhumra
Donni,Kaming,4750145114,877,,Tiyuguan,Duncan
Sheppard,O'Deegan,5030243828,878,,Siayan,Lingcheng
Carolynn,Ardley,8326175978,879,,Nanbin,Eshan
Elicia,Ullyatt,9296101271,880,,Kopychyntsi,Weru
Ulrica,West-Frimley,7908172822,881,,Bojonglarang,Malianchuan
Imogene,O' Hanvey,4699528171,882,California,Burbank,La Esperanza
Torrin,Farris,1159710031,883,,São Paulo de Olivença,Puqian
Sloane,Morgue,2001117558,884,,Yixing,Forécariah
Hanny,Ricardon,1261457137,885,,Habana del Este,Charlesland
Sydelle,Wellbeloved,1964206847,886,,Barishāl,Briey
Dilan,Woolam,6094207076,887,Midi-Pyrénées,Montauban,Deir Ḥannā
Rochell,Mathew,6477090139,888,,Wattegama,Xingxi
Joshuah,Mushawe,1584622210,889,,Cuiabá,Taiyigong
Rosie,Gaitskill,0624681955,890,,Mandangoa,Si’en
Spence,McMorran,3708281772,891,,Ambovombe,Tungguwaneng
Dalia,Shank,4195678463,892,,Kurzętnik,Bodzechów
Xever,Delete,3425676431,893,Setúbal,Alhos Vedros,Tawangsari
Sibeal,Lias,5130545516,894,,Chenzhuang,Nālchiti
Aaren,Sergean,7696706969,895,,Kinmparana,Xilu
Vina,Phillpotts,0875562906,896,,Bandeirantes,Kayar
Tabitha,Goning,2800950439,897,Braga,Serzedelo,Taoudenni
Chariot,Riccioppo,7121442310,898,Languedoc-Roussillon,Béziers,Faḩmah
Armstrong,Rignold,6128205585,899,,Trbovlje,Ngô Đồng
Rosamund,Gemmell,2637906626,900,,Dulangan,As Suwaydā
Early,Windas,9710261371,901,,Mokotów,Luowan
Denny,Claige,6595246422,902,,Río Cuarto,Skellefteå
Del,Rowter,0191422029,903,Guerrero,Arroyo Seco,Rychvald
Patti,Wadlow,8453825467,904,,Sosnovka,Vysehrad
Gill,Dedmam,4208822627,905,,Ginowan,Potou
Boigie,Trenam,9759141086,906,,Lumbac,Baishan
Stanford,Blanket,5499695423,907,,Novi Vinodolski,Samal
Birgitta,Trimby,7846595474,908,,Coayllo,Ettelbruck
Marten,Calladine,9364435621,909,,Nikopol,Jinshan
Erna,Dumingos,9663469986,910,,Hele,Sintung Timur
Stephana,Dautry,2574109082,911,Pays de la Loire,Clisson,Beigang
Lovell,McMinn,2931936987,912,,Rawasan,Buenavista
Bunnie,Doniso,9724033155,913,,Abengourou,Tiglauigan
Nertie,Ferreras,0886381045,914,,Dondo,Lemenhe
Elsy,Enocksson,7079186986,915,,Guluoshan,Zengjia
Hube,Stiebler,8489843856,916,,Apodi,Fajã de Cima
Winona,Kinnerk,7431180454,917,,Nova Cruz,Lixin
Scarface,Sailor,4397141819,918,,Želiv,Zhovkva
Wit,Fieldsend,6757106485,919,,Zuoxi,Ageoshimo
Bud,Gander,3497070572,920,Hamburg,Hamburg Sankt Pauli,Trinidad
Carney,Archdeckne,2884494421,921,,Owase,Zhenxi
Sindee,Maddie,3578720275,922,,Shevchenkove,Dogonbadan
Baillie,Smeath,1424629993,923,,Gelap,Zaliztsi
Sadella,Franciotti,1927499453,924,,Gozdnica,Port Antonio
Nanete,Driffill,7643946310,925,,Kiamba,Diamante
Sandy,Jeannequin,0994481993,926,,Yongdong,Borowno
Margette,Jouannisson,7081571549,927,,Sanhui,Taiping
Damara,Brogden,7728019848,928,,Suan Luang,Campos
Balduin,Gordon,6006477823,929,British Columbia,Fruitvale,Novosel’ye
Hamilton,Sex,8319520134,930,,Banepa,Postupice
Donella,Pfeuffer,3436121568,931,,Sidi Moussa,Priob’ye
Keslie,Showte,8314814008,932,,Živinice,New Orleans
Colby,Bayle,9015690405,933,,Guider,Zhouzai
Seymour,Oosthout de Vree,2627909509,934,Texas,Midland,Bromma
Nesta,Gregs,2984393465,935,,Huanggang,Qidu
Clay,Alenshev,6399290570,936,,Gangmei,Bayang
Odele,Carlett,9169649316,937,,Boulemane,Chahannao
Son,Winger,5680073560,938,,Rivera,Jicomé
Gisela,Balas,3680642644,939,,Datong,Gradishtë
Rey,Newlands,1201495563,940,,Hangu,Chengjiao Chengguanzhen
Sioux,Isson,3182133349,941,,Rato,Shkodër
Nev,De Beneditti,0767425847,942,,Cali,Uhniv
Corrie,Veeler,7227690628,943,,Zengtian,Qaşr Hallāl
Karalynn,Domokos,4294468432,944,North Carolina,Raleigh,Nirgua
Vale,Charte,0804286272,945,,Banqiao,Quimperlé
Jessamyn,Leijs,7845539104,946,,Guayaybi,Yanweigang
Benson,Joost,0712280146,947,Gävleborg,Bollnäs,Lian
Matthiew,Aris,1937923142,948,Provence-Alpes-Côte d'Azur,Aix-en-Provence,Carpalho
Bobbee,Venour,7185750954,949,,Baoquan,Tulsa
Pasquale,Rowden,1656777355,950,,Elassóna,Langxi
Jedd,Durtnall,4877099026,951,,Quinarayan,Saihan Tal
Teodora,Carbery,7252531430,952,Viana do Castelo,Portelinha,Klenje
Madeleine,Brahm,8916822025,953,,Longping,Xishanzui
Steffen,Vigar,9140509427,954,,Kadyy,Amiens
Dolph,Sclater,0611504456,955,Provincie Overijssel,Enschede,Kasembon
Violet,Purnell,6865610776,956,Norrbotten,Luleå,Noyal-sur-Vilaine
Ronnie,Thorne,8007282718,957,,Nowe,Monte Branco
Lucita,Niche,6272005334,958,,Cidima,Kota Kinabalu
Berky,Havis,8641746099,959,,Muramvya,Sölvesborg
Rosette,Masic,4202323289,960,,Batibati,Lons-le-Saunier
Clio,Cargen,8540118327,961,,Volary,Brooklyn
Mitch,Hughlock,3968192842,962,,Sintansin,Ube
Griffin,Hover,5913305825,963,,Oujda,Estrada
Myrwyn,Colbron,6562910412,964,,Kediri,Quezaltepeque
Clarie,Dundredge,1049778669,965,,Alanga,São Domingos de Rana
Dur,Grason,8201895517,966,Coahuila De Zaragoza,Las Flores,Rochester
Nickolaus,Kinge,2134001569,967,,Bancak Wetan,Ljungby
Alvy,Cowley,2100774352,968,,Shijia,Puerto Bello
Marna,Futcher,3838674316,969,,Rzeczenica,Kanungu
Dorise,Grigorey,7909862555,970,Aquitaine,Libourne,Wajir
Carin,Buxsy,4522918364,971,,Samayac,Nice
Rhody,Klampt,9696428707,972,Provincie Gelderland,Ede,Calizo
Alta,Caldera,4374034595,973,,Morshansk,Norrköping
Jeremiah,Dalston,0925463973,974,New York,Bronx,Fengshan
Erminia,Paliser,8843606824,975,Östergötland,Finspång,Uritsk
Fancy,Loveless,2331340056,976,Värmland,Sunne,Groningen
Martynne,Brockherst,0532490533,977,,Vasilikón,Lamarosa
Luigi,Yakuntsov,0899265340,978,,Vnorovy,Tembisa
Dulciana,Mawson,2580187138,979,,Togitsu,Baisha
Hali,Smethurst,4918989241,980,,Maha Sarakham,Colón
Amandie,Peete,8178572729,981,,Dan Makham Tia,Limbalod
Elsa,Dwane,3999364785,982,,Hwange,Ngã Bảy
Aeriel,Virgin,3974585575,983,,Trasak,Jiblah
Blondie,Todd,6840513092,984,,Ta’ Xbiex,Lokoja
Herve,Bernaert,4406327428,985,,Tenggina Daya,Xingguo
Liam,Cutchey,2424920133,986,,Mutoko,Barabedang
Jo,Nayer,9468440370,987,,Vary,Tingsryd
Ruprecht,Hrinchenko,1229520171,988,,Dedenëvo,Changqing
Niki,Watman,2016142170,989,,Victoria,Karangsonojabon
Darline,Dannell,3485216143,990,North Dakota,Fargo,Ciekek
Ree,Malkinson,8715065626,991,Provincie Noord-Brabant,Oss,Petrov
Arnold,Saben,3893073884,992,Braga,Lugar Novo,Mizi
Barty,Benjamin,7919843057,993,Region Hovedstaden,København,Rožmitál pod Třemšínem
Joletta,Pagel,3241908615,994,,Isiolo,Baltimore
Nealon,McNeill,6232001575,995,,San Javier,Babasakhib
Manda,Orys,1123429189,996,,Sitajara,Mainit
Darius,Stowgill,2672151806,997,,Facatativá,Osieczany
Janela,Peck,3743042207,998,,Cipari Satu,Ostashkov
Mitchell,Spary,9495692474,999,,Zhuge,Jiangzhou
Kari,Dell'Abbate,6557826433,1000,,Baisangguan,Kidričevo
